Soube que meu colega possui empréstimo parcelado com a empresa e queria entender por que precisei pagar meu empréstimo de uma só vez?,Nos dias atuais a empresa não possui essa prática.
Gostaria de apoio da MAGNASISTEMAS para pagamento do meu curso de inglês. Como devo proceder.,Nossa empresa já possui parcerias com instituições de ensino e escolas de cursos de idiomas onde há boas condições de desconto para os colaboradores. A aplicação  (...)
Meu esposo e eu trabalhamos na MAGNASISTEMAS e a convenção local prevê o benefício de Auxílio Creche. Os dois teremos direito?,Quando ambos os cônjuges forem funcionários o pagamento do benefício não é cumulativo.
O subsídio que recebo para pagamento do meu curso de pós-graduação será incorporado ao meu salário após a conclusão do curso?,Não. Subsídio para cursos não fazem parte de salários nominais trata-se de um investimento específico destinado ao apoio monetário (...)
Quando ocorre o pagamento salarial aos colaboradores?,O pagamento é feito todo dia 30 de cada mês e equivalentes à 60% da remuneração e descontos previstos. No dia 15 de cada mês há o adiantamento salarial que equivalente à 40% do salário nominal.
Já assinei três advertências em virtudes de atrasos. Posso ser mandado embora?,A empresa firmou um contrato de trabalho com você que precisa ser respeitado e qualquer situação contrataria às diretrizes estabelecidas podem configurar em desligamento.
É verdade que no meu casamento tenho direito a 05 (cinco) dias de folga?,É concedido ao funcionário 05 (cinco) dias uteis consecutivos de ausência sem prejuízos incluindo o dia do casamento mediante comprovação.
Por que um reembolso é negado se comprovado todos os dados?,A reprovação ocorre quando identificada eventual pendência de documentos ou quando é identificado solicitação fora da Política e processos.
Em quais situações existe o desligamento por justa causa?,A empresa toma essa medida de maneira fundamentada ocorre todas as vezes que comprovadamente identifique situações que infrinjam a legislação em vigor as políticas corporativas ou os protocolos da c (...)
Os banheiros do andar onde trabalho normalmente estão sujos e gostaria de registrar uma reclamação. Como faço?,Nossos colaboradores que atuam na estrutura do cliente (alocados em projetos) precisam seguir as diretrizes e processos determinados pelo cliente (...)
Estou com dúvidas sobre as condições de reembolso do nosso plano médico,Conforme a opção de plano (Básico ou Pleno II) há orientações específicas. Acione o Departamento Pessoal.
Tenho interesse no benefício odontológico mas não optei na admissão. É possível aderir depois de dois anos de empresa?,Sim. Para aderir ao benefício acione o Departamento Pessoal que poderá lhe orientar sobre as condições.
Cancelei meu plano médico ano passado. Como faço para reativar?,Na admissão o colaborador pode aderir à opção de plano médico mas uma vez cancelado o benefício não é permitido reincluir.
Assim que peço a demissão devo entregar meu crachá ao Departamento Pessoal?,Uma vez efetivado o processo de desligamento seja por iniciativa do funcionário ou da empresa é obrigatório a entrega de todos os materiais utilizados pelo ex-funcionário (crachá d (...)
Fui alocado em um cliente da empresa que fica muito distante da sede. Como faço para tirar dúvidas sobre minha carreira e crescimento profissional?,Embora esteja alocado em um cliente você pode acionar o seu gestor e agendar com ele uma conversa sobre seu  (...)
Posso definir quando desejo sair de férias?a partir de 12 meses trabalhados já existe o direto às férias que precisa ser solicitada pelo colaborador e aprovada pelo gestor.
Como faço para saber o valor de pagamento que receberei nas minhas férias?,Após a  (...)
Tenho um colega da área de TI para indicar à empresa mas ele possui uma deficiência motora. Ele pode ser admitido?,Profissionais talentosos e com predisposição ao trabalho são bem-vindos. Toda indicação é tratada como os demais candidatos sendo submetidos  (...)
Sempre achei que deveria receber reembolso sobre o custo de estacionamento. Me sinto prejudicado.,A Política de Reembolso prevê aplicar o pagamento de despesas relacionadas a gastos extraordinários quando o profissional está a trabalho.
Quem pode solicitar os reembolsos?,Todos os colaboradores da companhia que se enquadrarem em qualquer situação apontada na Política de Reembolso.
Estou fazendo um curso na faculdade e preciso sair todos os dias uma hora antes do expediente regular de trabalho. Algum problema?,Todo funcionário precisa seguir rigorosamente seus horários contratados. Qualquer situação fora da regra requer prévia aprova (...)
Por que meu colega recebe reembolso de estacionamento e eu não?,Asseguramos todos os benefícios legais aos nossos colaboradores. Pontualmente há cargos ou áreas/setores e convenção sindical com benefícios diferenciados conforme particularidades. Para cada  (...)
Nunca recebi feedback de Avaliação de Desempenho. Com quem devo conversar?,A Avaliação de Desempenho é anual e aplicada para todos os funcionários da empresa com mais de 10 (dez) meses de casa. O feedback individual faz parte do processo e precisa ocorrer  (...)
Meu colega se desligou da empresa há mais de seis meses e queria saber como ele terá acesso ao seu Informativo de Imposto de Renda.,Os ex-funcionários podem acionar diretamente o Departamento Pessoal e terão acesso por e-mail ao seu Informativo de IR.
Quando receberei o crédito de pagamento de minhas férias já programadas?,O pagamento das férias ocorrerá dois dias úteis antes da data início das férias.
Precisei fazer doação de sangue e recebi um atestado que me libera do dia de trabalho. A empresa abona essa ausência?,É concedido ao funcionário 01 (um) dia de ausência sem prejuízos a cada doze meses de trabalho mediante atestado de doação voluntária de s (...)
A MAGNASISTEMAS contrata ex-funcionários?,Sim por uma única vez e desde que respeitado o intervalo de 180 (cento e oitenta) dias de sua saída. Não recontratamos ex-funcionários que tenham sido desligados na condição de “Justa Causa”.
Quais são os tipos de reembolso são permitidos?,Consulte a Política! Em geral temos: reembolso de transporte coletivo Táxi deslocamentos por quilometragem e de estacionamento utilizando veículo próprio reembolso de viagens e despesas de viagens (passagem á (...)
Como faço para trocar de projeto/cliente?,Faça uma conversa com seu gestor MAGNASISTEMAS ele certamente poderá avaliar essa questão. Aproveite a reunião de feedback da Avaliação de Desempenho!
Sou filha única e cuido da minha mãe idosa. Preciso acompanha-la em consultas médicas. Posso apresentar atestado de acompanhante à MAGNASISTEMAS?,É concedido aos funcionários 02 (dois) dias úteis fracionados em 16 (dezesseis) horas por ano para a justifica (...)
Como faço para receber V.A.?,Nossa empresa oferece o VR – Vale Refeição caso o colaborador opte por receber VA – é necessário que acione o Departamento Pessoal que poderá providenciar a respectiva substituição.
Com quantos dias de antecedência a empresa pode determinar minha saída em férias?,As férias precisam estar agendadas e comunicadas com no mínimo de 30 dias de antecedência ao início.
Posso fazer a opção de receber salário de uma única vez?,Não há essa opção. Seguimos o modelo estabelecido em convenção coletiva que aplica pagamento salarial e adiantamento.
Preciso fazer homologação rapidamente porque sairei do país.,As homologações são agendadas conforme disponibilidade do sindicato normalmente ocorre em até 30 (trinta) dias.
Soube que após o período de licença maternidade ainda terei estabilidade de emprego. Quais são as condições?,A estabilidade é de 30 (trinta) dias e começa a partir do término da licença maternidade que é de 120 (cento e vinte) dias.
Receberei um salário integral considerando o resultado da empresa?,Não é um salário nominal mas o pagamento normativo orientado conforme a convecção Coletiva do ano e da categoria.
Minha colega foi desligada e descobriu que está grávida. A empresa vai recontratá-la?,Toda ex-funcionária gestante possui estabilidade trabalhista. Em sendo desligada precisa comunicar a empresa em até 30 (trinta) dias a partir da data do comunicado.
Gostaria que a empresa me mandasse embora para que eu possa “sacar o FGTS”. Como devo proceder?,Nossa empresa não faz esse processo em nenhuma hipótese.
Meu gestor não retorna meus questionamentos e nunca responde e-mails ou telefonemas. Como faço para conversar sobre questões urgentes?,Todo gestor tem o compromisso de retornar as questões de suas equipes e colaboradores ou delegar ao responsável. Se não o (...)
A ajuda para estudos que recebo para pagamento da minha pós-graduação está defasada. Como faço para receber aumento?,Não há ajustes sobre o valor de subsídio já aprovado.
Pedi demissão e só pretendo cumprir 15 (quinze) dias de aviso. Já deixei meu trabalho totalmente pronto para ser seguido sem prejuízos ao cliente/projeto. A empresa pode me liberar do desconto?,Uma vez que o funcionário formaliza seu pedido de desligamento (...)
Um colega foi desligado e notei que uma pessoa do RH o acompanhou até sua saída do prédio da empresa. Isso é normal?,A empresa precisa seguir com as orientações formais sobre o processo de desligamento aplicar a entrevista de desligamento recolher os equip (...)
Qual o prazo mínimo para solicitar a programação de férias?,O colaborador precisa solicitar as férias até no máximo 40 dias antes da data início da pretensão do descanso.
Nosso plano médico Pleno II cobre determinados procedimentos estéticos?,Consulte a operadora de saúde e terá acesso aos orientações e respectivas restrições.
É Verdade que após o período de licença maternidade ainda terei estabilidade de emprego.,Sim. A estabilidade é de 30 (trinta dias).
Já faz três semanas que enderecei os documentos ao Departamento Pessoal para o reembolso de consulta médica e ainda não recebi. Quando receberei?,A partir do envio da solicitação e documentos para o processo de reembolso é considerado um prazo de 30 (trint (...)
Se eu me casar em um sábado posso ficar ausente até quando?É concedido ao funcionário 05 (cinco) dias consecutivos de ausência sem prejuízos,Mediante comprovação. Ou seja você pode ficar ausente de 2ª a 6ª feira após o sábado de seu casamento.
Como faço para receber ajuda financeira para providenciar a certificação técnica que preciso providenciar?,Nossa empresa investe em treinamentos cursos e apoio no processo de certificação técnica dos colaboradores. A certificação técnica é um compromisso d (...)
Estou fazendo um tratamento dentário e precisarei me ausentar por alguns dias. A empresa aceita atestado de Dentistas?,É concedido ao funcionário dois dias e meio ou 20 (vinte) horas por ano para justificativa de ausências mediante atestados odontológicos.
Pretendo fazer um estágio na área durante as minhas férias. É preciso fazer algum comunicado à empresa?,Qualquer situação deste tipo precisa ser avaliada pela empresa. Nunca deixe de comunicar ao seu gestor que terá condições de avaliar a questão e te asse (...)
É verdade que posso dividir minhas férias em meses diferentes?,Sim. É possível dividir o período de descanso em até duas datas diferentes desde que não haja um período menor que 10 dias.
Por que tenho salário menor que meu colega se atuamos no mesmo projeto e temos o mesmo cargo?,Consulte seu gestor ou o RH porque nossa política de Cargos e Salários preserva regras e procedimentos internos e atua visando as boas práticas de mercado. Assegu (...)
Ainda não consegui toda a documentação necessária para meu ingresso à empresa. Posso ser admitido e trazer depois?,Em nenhuma hipótese podemos realizar admissão com pendência de documentos.
Formulário de Entrevista de Desligamento?,As informações contidas neste documento serão compiladas para apresentação de indicadores da área de RH e com base nas informações o RH deverá conduzir ações para que o volume de desligamentos reduza.
O que será feito com as informações que respondi em minha saída da empresa?,As informações contidas neste documento serão compiladas para apresentação de indicadores da área de RH e com base nas informações o RH deverá conduzir ações para que o volume de d (...)
Como faço para ter acesso ao benefício Plano Odontológico?,Deve encaminhar um e-mail para o dp@magnasistemas.com.br e solicitar a inclusão do benefício.
Estou resolvendo algumas questões pessoais e precisarei me ausentar ao longo do mês por duas horas antes do expediente. Como faço para evitar prejuízos.,Todo funcionário precisa seguir rigorosamente seus horários contratados. Qualquer situação fora da regr (...)
É uma característica do nosso negócio a recorrente transferência entre locais de trabalho conforme projeto e necessidades do cliente. O processo de adaptação de cada pessoa é diferente e desde que planejadamente nada nos impede de avaliar possibilidades e  (...)
Não me adaptei à equipe onde estou alocado. Como poderei tratar desta situação sem expor ninguém e não ser mal interpretado?,É uma característica do nosso negócio a recorrente transferência entre locais de trabalho conforme projeto e necessidades do client (...)
Entendo que sou elegível a determinado reembolso que foi negado. Quem pode me ouvir?,Consulte seu gestor. Se ainda não esclarecido procure o RH que poderá imparcialmente avaliar junto aos responsáveis.
O que é PLR?,É Participação nos Lucros e Resultados.
Pedi demissão e preenchi um formulário chamado de “Entrevista de Desligamento”. Quem terá acesso ao que eu escrevi?,Faz parte dos processos da área de RH conduzir uma conversa com o funcionário que formaliza o pedido de demissão ou aqueles que são desligad (...)
Soube que tenho a possibilidade de faltar no dia que irei prestar o vestibular. O que preciso fazer?,É concedido ao funcionário a autorização de ausência sem prejuízos nos dias que estiver prestando exames de avaliação para ingresso em instituição de ensin (...)
Desejo trocar de faculdade e já tenho um valor mensal de subsídio para cursos. É necessário algum procedimento interno?,Sim. Valide sua decisão com seu gestor imediato e com o RH pois a aprovação de subsídio de cursos é aplicada com rigorosa avaliação logo (...)
Quais documentos necessários para solicitação de um reembolso?,Para cada tipo de reembolso há exigências específicas que estão descritas na Política de Reembolso. Vale ressaltar que recibos notas fiscais comprovantes e/ou documentos que evidenciem a veraci (...)
Por que outros colaboradores possuem benefícios diferentes dos meus?,Asseguramos a todos os benefícios legais aos colaboradores. Pontualmente há cargos ou áreas/setores e convenção sindical com benefícios diferenciados conforme particularidades. Para cada  (...)
Fui acionado pela justiça para acompanhar uma audiência que ocorre durante o expediente de trabalho. Terei que compensar as horas que estiver ausente?,A empresa autorizará a ausência do funcionário sem prejuízos em todas as ocasiões que for acionado pela J (...)
A empresa avisa os colaboradores sobre jornada de trabalho em emendas de feriados?,Sim. A empresa sempre encaminha as orientações com antecedência mínima de 1 dia sobre folgas a serem gozadas quando implicar em compensação.
Posso sair de férias numa sexta-feira?,As férias sempre deverão iniciar às segundas-feiras ou no dia seguinte quando a segunda-feira for um feriado.
Posso pedir empréstimo à empresa e pagar nas férias?,Nossa empresa possui parceria com banco onde nossos colaboradores já possuem condições diferenciadas. Consulte diretamente seu gerente bancário.
Pretendo trocar de faculdade e preciso que o valor de subsídio seja maior. Basta apresentar o boleto do novo valor?,Não. Nossa empresa não aplica ajustes sobre o valor de subsídio aprovado. Sobre realizar a troca de instituição ou cursos/programas comuniqu (...)
Já registrei várias vezes reclamações sobre a higiene e limpeza dos banheiros da sede da MAGNASISTEMAS e nada é feito. Quando tomarão providências?,As questões de limpeza e higiene dos espaços da sede da MAGNASISTEMAS possui uma coordenação responsável pel (...)
Posso pedir empréstimo à empresa e pagar no 13º (décimo terceiro) salário?,Nossa empresa possui parceria com banco onde nossos colaboradores já possuem condições diferenciadas. Consulte diretamente seu gerente bancário.
Meu colega recebe bolsa auxílio para curso de pós-graduação com valor maior que o meu. Por que?,Cada investimento em apoio à estudos é analisado com alto zelo e rigorosa avaliação logo podem ser diferentes entre os colaboradores do grupo sem que haja conot (...)
Posso incluir meus pais como dependentes no Plano Médico?,Não há essa opção. O Plano Médico é um benefício exclusivo para os empregados com contrato ativo e respectivo cônjuge/companheiro e/ou dependentes legais.
Meu gestor não aplica feedback sobre meu trabalho nem orientações. Quem pode me ajudar?,Todo gestor tem o compromisso de retornar as questões de suas equipes e colaboradores ou delegar ao responsável. Se não o fez certamente há um motivo considerável. Nest (...)
Quais benefícios tenho direito?,Aplicamos os benefícios determinados pela legislação trabalhista e previstos na convecção coletiva da categoria.
Para quem posso encaminhar uma sugestão de melhoria?,Cada área dentro da companhia possui uma determinada diretoria gerência ou coordenação responsáveis e estão todos muito abertos a sugestões para juntos melhorarmos assim como críticas ou questões.
Meu colega teve o valor do subsídio de sua pós-graduação convertido em salário após ter concluído o curso. Por que não tive?,Certamente seu colega teve um ajuste salarial em mérito ou promoção. Subsídio para cursos não fazem parte de salários nominais.
Vivo maritalmente com meu companheiro. Ele pode ser incluído no plano médico da empresa como meu dependente?,É necessário a apresentação de uma determinada relação de documentos para a inclusão de dependentes. Consulte o Departamento Pessoal.
Estou com dúvidas sobre os recebimentos das verbas rescisórias. Com quem devo falar?,Os ex-funcionários podem esclarecer dúvidas entrando em contato com a área de Departamento Pessoal.
Quando algum familiar do colaborador falece a MAGNASISTEMAS autoriza 05 (cinco) dias de ausência sem descontos?,É concedido ao funcionário 05 (cinco) dias úteis consecutivos de ausência sem prejuízos mediante comprovação somente em caso de falecimento de c (...)
Sempre utilizei o computador da empresa para salvar fotografias da minha família com o conhecimento do meu gestor. Antes de sair da empresa preciso fazer o backup destes arquivos.  Tudo bem?,Nenhum funcionário está autorizado a realizar backup de arquivos  (...)
Não recebi o PLR. Queria entender o que ocorreu?,É possível que sua Avaliação Individual de Desempenho não tenha ficado dentro da média para elegibilidade do PLR. Consulte o RH.
A empresa contrata parentes?,Sim. Desde que comprovadamente o profissional demonstre as competências para o respectivo cargo no processo de seleção pois é avaliado como os demais candidatos da companhia e atuamos para que não ocorra em nenhuma hipótese rel (...)
Estava afastada quando a empresa entregou um brinde aos funcionários. Como faço para receber?,Normalmente é encaminhado ao setor aos cuidados do colaborador ou centralizado com o gestor. Qualquer dúvida procure o RH.
Quero fazer a troca do plano médico para a opção mais barata. Como faço?,Na admissão o colaborador terá acesso às condições do plano e uma vez optado não poderá fazer alterações ao longo do contrato.
Durante a homologação no sindicato foi identificado uma pendência para eu receber. Em quanto tempo isso será resolvido?,Homologações com ressalvas precisam ser pagas em até 10 (dez) dias corridos a partir da ressalva apontada pelo sindicato.
Meu plano médico é o “Básico” e notei que não cobrirá uma cirurgia que farei. A MAGNASISTEMAS pode me auxiliar neste pagamento?,Nossa empresa não conduz nenhuma alteração tratativas de exceção junto aos acordos de benefícios.
Quando meu filho nascer terei direito à licença paternidade?,É concedido ao funcionário 05 (cinco) dias úteis consecutivos de ausência na semana do nascimento ou adoção de filho mediante comprovação.
Estive em licença maternidade e trabalhei em poucos projetos ao longo do ano. Como serei avaliada?,Seu gestor conduzirá a avaliação com base nos dados que possui. Cabe a ele levantar estes dados.
Fui desligado semana passada e preciso saber quando receberei minhas verbas rescisórias?,A empresa deve efetuar o pagamento das verbas rescisórias em até 10 (dez) dias após efetivação do pedido de desligamento do ex-funcionário.
Um parente é estudante de TI e gostaria de fazer um estágio não remunerado para aprender. Nossa empresa poderia permitir?,Não realizamos essa modalidade de contratação. Todos os profissionais possuem contrato que pode ser de trabalho ou estágio.
Não concordei com a minha nota da Avaliação de Desempenho. Como faço para alterar?,A nota final da Avaliação de Desempenho é definida pelo gestor com base na performance do colaborador ao longo do ano. Na reunião de feedback com seu gestor você pode conduz (...)
Posso receber advertência porque atrasei os apontamentos?,Sim. O colaborador obrigatoriamente precisa fazer o controle de seu ponto.
Nunca assinei uma advertência e meu gestor me aplicou uma suspensão. Isso é possível?,Sim. As sanções de Advertência e Suspensão são aplicadas todas as vezes que houver comprovação de falta das práticas contratuais de trabalho ou as respectivas Políticas M (...)
Estagiários devem fazer a solicitação de férias no sistema?,Estagiários possuem contrato de estágio portanto suas condições são diferentes dos colaboradores que possuem contrato de trabalho.
Trabalhei metade do ano sob a gestão de um líder e o restante do ano sob a gestão de outro. Quem conduzirá minha avaliação?,O gestor atual é o responsável por concluir a avaliação. Cabe a ele levantar dados sobre sua performance.
Sou obrigado a sair de férias?,Sim. É um dever da empresa assegurar esse direito do empregado. É importante e necessário o planejamento das férias.
Perdi o prazo para adesão sem carência ao plano médico corporativo porque faltei na integração da admissão. Podem tratar como exceção minha inclusão sem carência?,Não é possível em nenhuma hipótese.
É possível receber alguma ajuda de custo relacionada à transporte além do VT?,Seguimos com rigor a legislação trabalhista e nossa convenção coletiva que preveem a aplicação de VT aos funcionários.
Como faço para receber subsídio de pós-graduação?,Nossa empresa já possui parcerias com instituições de ensino onde há boas condições de desconto para colaboradores. A aplicação de subsídios relacionadas à cursos envolve um rigoroso processo de análise jun (...)
A partir de quando tenho direito as férias?,Após 12 meses completos de trabalho já é possível o direito às férias.
Por que não tenho reembolso do ônibus fretado?,Seguimos com rigor a legislação trabalhista e nossa convenção coletiva que preveem a aplicação de Vale Transporte aos funcionários conforme necessidade de deslocamento do endereço residencial para a empresa.
Já fiz o pagamento de uma certificação que acabo de ter a aprovação. Como faço para solicitar o reembolso?,A certificação técnica é um compromisso de cada profissional por isso aprovação de subsídios ou reembolso envolve um rigoroso processo de análise jun (...)
Minha esposa está grávida neste caso tenho estabilidade de emprego?,Ao funcionário marido ou companheiro de gestante é garantido o emprego a partir do 8º (oitavo) mês de gestação e até 30 (trinta) dias após a data do parto mediante comprovação.
Posso trabalhar nas férias?,Não é autorizado trabalhar durante o período de férias.
Posso agendar as férias a partir do término da licença maternidade?,Toda programação de férias segue a política divulgada pela empresa. É possível gozar de férias a partir do término da licença maternidade desde que seja previamente planejada e aprovada no (...)
Jovens Aprendizes podem ter férias?,Sim. O Jovem Aprendiz é um colaborador e possui direito às férias remuneradas.
Tenho horas positivas e gostaria de descansar nos próximos dias. O que devo fazer?,É necessário conversar com seu gestor MAGNASISTEMAS para o respectivo planejamento além de formalização.
Soube que estou grávida e preciso fazer adesão ao plano médico da empresa. Como faço?,A partir da admissão o colaborador poderá fazer a opção de adesão ao plano médico corporativa em até 30 (trinta) dias sem carência passado esse prazo passará a ter carênc (...)
Durante a gestação as funcionárias podem se ausentar sem descontos?,É concedido à funcionária gestante a dispensa do horário de trabalho pelo tempo que for necessário para a realização de 09 (nove) consultas médicas e demais exames complementares mediante  (...)
Com que frequência devo fazer o apontamento no Timesheet?,A apontamento deve ser feito diariamente.
Para a aprovação das férias preciso da autorização do cliente?,Todos os colaboradores precisam da autorização do gestor da área gestor MAGNASISTEMAS para aprovação do período de férias.
Meu vale refeição pode ter um valor maior?,Não. A empresa segue padrões e aplica o benefício conforme convenção coletiva local.
Não pude participar da integração portanto tenho dúvidas sobre benefícios. Como podem me ajudar?,A integração é um processo importantíssimo e todo recém-admitido precisa fazer. Procure o RH.
Frequentemente sou elogiado pelo cliente e pelo gestor da empresa. Quando serei promovido?,O processo interno de avaliação de promoção de pessoas é bem minucioso e deve ser conduzido pelo RH em parceira com o gestor. Aproveite sua Avaliação de Desempenho p (...)
Posso ser admitido dia 30?,A empresa possui dias específicos para formalizar as contratações consulte o RH.
Posso indicar um colega para trabalhar na empresa?,Sim. Encaminhe o currículo para rs@magnasistemas.com.br
Posso acumular férias?,A MAGNASISTEMAS não permitido acumular dois períodos consecutivos de férias ou haverá sua programação automaticamente.
Já fui funcionário da MAGNASISTEMAS e neste momento estou procurando emprego. A nova empresa que eu vir a ingressar pode pedir “recomendações”. Meu ex gestor poderá fazer?,Nossas políticas não autorizam qualquer tipo de informação de funcionários ou ex-fun (...)
O projeto para o qual fui contratado termina em alguns meses e gostaria de continuar trabalhando na empresa. Com quem eu posso falar?,Normalmente antes da efetivação do distrato ou desligamento de profissionais alocados em projetos que foram terminados a á (...)
Sou visto pelo cliente como um líder mas ainda não tive aumento de salário. Quando ocorrerá?,Qualquer situação que implique questões corporativas/administrativas ou sobre sua carreira acione seu gestor MAGNASISTEMAS que poderá avaliar. Conte com o RH.
Fui reprovado em uma tentativa de certificação subsidiada pela MAGNASISTEMAS há três meses. Posso solicitar um novo subsídio?,A certificação técnica é um compromisso de cada profissional por isso aprovação de subsídios envolve um rigoroso processo de análi (...)
Qual é o valor recebito do PLR?,Nossa empresa segue a convenção coletiva que prevê o pagamento de até um salário normativo aos colaboradores diante do resultado anual.
Estou em na mesma área há anos mas meu desejo é trocar de área. O RH pode me explicar sobre como devo proceder?,Sim. O RH pode realizar uma reunião com você sobre carreira e promover algumas reflexões a respeito deste tema mas é importante conversar com se (...)
Me desliguei da MAGNASISTEMAS porque tive outra oportunidade para ganhar mais e não poderei cumprir aviso prévio. A empresa pode evitar o desconto?,Uma vez que o funcionário formaliza seu pedido de desligamento é necessário cumprir os 30 (trinta) dias de a (...)
Na festa da empresa saí muito tarde e precisei tomar um Táxi. Posso ser reembolsado?,A Política de Reembolso não prevê esse tipo de situação.
Soube que posso utilizar os créditos de Banco de Horas ao invés de formalizar férias. É verdade?,Não. Banco de Horas é diferente de Férias.
Posso vender minhas férias?,As férias são de 30 dias sendo que é possível descansar 20 dias em férias e fazer a opção por “vender” 10 dias – chamamos isso de abono pecuniário.
Fui contratado há 6 anos e nunca tive alteração de salário. Quando terei aumento salarial?,É muito importante realizar uma conversa com seu gestor. Busque uma agenda com ele e traga suas dúvidas sobre carreira além de ter o feedback anual da Avaliação de D (...)
Tive descontos nos dias de férias em virtude de faltas injustificadas. Posso fracionar o período de férias em dois?,Aqueles que possuem menos de 30 dias de férias devido aos descontos por falta e solicitarem o abono pecuniário não poderão dividir o período (...)
Posso pedir aumento salarial para o cliente?,Não. Essa pratica configura falta grave. Acione seu gestor MAGNASISTEMAS sempre. Lembre-se que o RH também poderá avaliar seu questionamento.
Meu filho é bebê e em sua internação precisei me ausentar para acompanhá-lo. A empresa aceita atestado de acompanhante nestes casos?,É concedido aos funcionários 03 (três) dias uteis 24 (vinte e quatro) horas fracionadas por ano para a justificativa de lev (...)
Posso decidir sobre a data que irei me ausentar em férias?,É possível desde que siga as orientações do processo e haja a aprovação do gestor da área que avaliará o planejamento das demandas.
Por que a empresa não me reembolsa o estacionamento?,Asseguramos todos os benefícios legais aos nossos colaboradores. Pontualmente há cargos ou áreas/setores e convenção sindical com benefícios diferenciados conforme particularidades. Para cada benefício s (...)
Perdi minha Carteira de Trabalho e preciso saber como faço para garantir meu ingresso. Como faço?,É necessário providenciar a segunda via da CTPS ou não podemos evoluir com sua admissão.
A babá que cuida do meu filho é registrada neste caso posso ter acesso ao benefício creche?,O Auxilio Creche está previsto em convenção coletiva é necessário a apresentação da Nota Fiscal ou recibo da creche onde a criança é matriculada ou a comprovação qu (...)
Minha mãe esta doente posso leva-la ao medico?,É concedido aos funcionários 02 (dois) dias úteis fracionados em 16 (dezesseis) horas por ano para a justificativa de levar os pais ao médico sem prejuízos mediante comprovação.
Meu pai esta fazendo tratamento do câncer toda semana posso acompanha-lo ?,É concedido aos funcionários 02 (dois) dias úteis fracionados em 16 (dezesseis) horas por ano para a justificativa de levar os pais ao médico sem prejuízos mediante comprovação.
Meu amigo tem o VR e o VA.,Nossa empresa oferece o VR – Vale Refeição caso o colaborador opte por receber VA – é necessário que acione o Departamento Pessoal que poderá providenciar a respectiva substituição.
Preciso falar com que para ter o VA?,Nossa empresa oferece o VR – Vale Refeição caso o colaborador opte por receber VA – é necessário que acione o Departamento Pessoal que poderá providenciar a respectiva substituição.
Tenho viagem marcada posso agendar as ferias 90 dias antes?,As férias precisam estar agendadas e comunicadas com no mínimo de 30 dias de antecedência ao início.
Gostaria de sair de ferias em 15 dias posso ?,As férias precisam estar agendadas e comunicadas com no mínimo de 30 dias de antecedência ao início.
Fui demitido e estarei fora em 15 dias podemos fazer a homologação antes ?,As homologações são agendadas conforme disponibilidade do sindicato normalmente ocorre em até 30 (trinta) dias.
Já estou trabalhando em outra empresa e estarei muito ocupado posso fazer a homologação esta semana?,As homologações são agendadas conforme disponibilidade do sindicato normalmente ocorre em até 30 (trinta) dias.
O pagamento pode ser todo no dia 15 ?,Não há essa opção. Seguimos o modelo estabelecido em convenção coletiva que aplica pagamento salarial e adiantamento.
A minha faculdade vence dia 10 posso mudar um dos pagamento para essa data ?,Não há essa opção. Seguimos o modelo estabelecido em convenção coletiva que aplica pagamento salarial e adiantamento.
Estou gravida quanto tempo é a estabilidade na empresa ?,A estabilidade é de 30 (trinta) dias e começa a partir do término da licença maternidade que é de 120 (cento e vinte) dias.
Apos a licença maternidade eu posso ser mandada em bora ?,A estabilidade é de 30 (trinta) dias e começa a partir do término da licença maternidade que é de 120 (cento e vinte) dias.
O valor da PLR é de um salário meu?,Não é um salário nominal mas o pagamento normativo orientado conforme a convecção Coletiva do ano e da categoria.
O valor da PLR é 100% do meu salário?,Não é um salário nominal mas o pagamento normativo orientado conforme a convecção Coletiva do ano e da categoria.
Estou gravida e a empresa me demitiu o que faço ?,Toda ex-funcionária gestante possui estabilidade trabalhista. Em sendo desligada precisa comunicar a empresa em até 30 (trinta) dias a partir da data do comunicado.
Descobri que estou gravida de 3 meses e faz 15 dias que a empresa me demitiu o que faço ?,Toda ex-funcionária gestante possui estabilidade trabalhista. Em sendo desligada precisa comunicar a empresa em até 30 (trinta) dias a partir da data do comunicado.
Encontrei outro emprego melhor a empresa poderia me mandar embora ?,Nossa empresa não faz esse processo em nenhuma hipótese.
Vou mudar de estado e gostaria que a empresa me demitisse.,Nossa empresa não faz esse processo em nenhuma hipótese.
Meu gestor não passa trabalho de acordo com os meu conhecimento prejudicando a minha carreira profissional o que faço ?,Todo gestor tem o compromisso de retornar as questões de suas equipes e colaboradores ou delegar ao responsável. Se não o fez certamente (...)
O auxilio estudo esta muito baixo como faço para aumentar?,Não há ajustes sobre o valor de subsídio já aprovado.
Da para aumentar a ajuda de pagamento da minha pós-graduação ?,Não há ajustes sobre o valor de subsídio já aprovado.
Pedi demissão e não queri cumprir o aviso.,Uma vez que o funcionário formaliza seu pedido de desligamento é necessário cumprir os 30 (trinta) dias de aviso prévio salvo as situações que já tenha outro emprego e nos apresente uma carta do novo empregador fo (...)
Porque eu tiveram que acompanhar o meu amigo ate a saída do prédio ?,A empresa precisa seguir com as orientações formais sobre o processo de desligamento aplicar a entrevista de desligamento recolher os equipamentos ou materiais utilizados pelo funcionário (...)
Escoltarão o meu amigo até a saída do prédio por que ?,A empresa precisa seguir com as orientações formais sobre o processo de desligamento aplicar a entrevista de desligamento recolher os equipamentos ou materiais utilizados pelo funcionário e acompanhá-l (...)
É necessário agendar as férias com quantos dias de antecedência?,O colaborador precisa solicitar as férias até no máximo 40 dias antes da data início da pretensão do descanso.
Preciso solicitar as férias quantos dias antes da data pretendida?,O colaborador precisa solicitar as férias até no máximo 40 dias antes da data início da pretensão do descanso.
O que meu plano de saúde cobre?,Consulte a operadora de saúde e terá acesso aos orientações e respectivas restrições.
Quais as restrições do meu plano médico?,Consulte a operadora de saúde e terá acesso aos orientações e respectivas restrições.
Existe estabilidade após a licença maternidade?,Sim. A estabilidade é de 30 (trinta dias).
Estou grávida e logo cumprirei minha licença maternidade. Existe estabilidade de emprego após esse período?,Sim. A estabilidade é de 30 (trinta dias).
Quanto tempo demora para o reembolso de consulta médica?,A partir do envio da solicitação e documentos para o processo de reembolso é considerado um prazo de 30 (trinta) dias para retorno da operadora de saúde.
Qual o prazo para receber o reembolso de consulta médica?,A partir do envio da solicitação e documentos para o processo de reembolso é considerado um prazo de 30 (trinta) dias para retorno da operadora de saúde.
Meu casamento será realizado em um sábado. Volto à trabalhar quando?,Mediante comprovação. Ou seja você pode ficar ausente de 2ª a 6ª feira após o sábado de seu casamento.
Pretendo fazer meu casamento em um sábado. Quantos dias posso me ausentar da empresa?,Mediante comprovação. Ou seja você pode ficar ausente de 2ª a 6ª feira após o sábado de seu casamento.
A empresa paga certificações aos funcionários?,Nossa empresa investe em treinamentos cursos e apoio no processo de certificação técnica dos colaboradores. A certificação técnica é um compromisso de cada profissional logo aprovação de subsídios envolve um r (...)
A empresa investe no aprendizado técnico do funcionário?,Nossa empresa investe em treinamentos cursos e apoio no processo de certificação técnica dos colaboradores. A certificação técnica é um compromisso de cada profissional logo aprovação de subsídios en (...)
A empresa aceita atestado odontológico?,É concedido ao funcionário dois dias e meio ou 20 (vinte) horas por ano para justificativa de ausências mediante atestados odontológicos.
Posso me ausentar uma vez por mês para realizar tratamento odontológico?,É concedido ao funcionário dois dias e meio ou 20 (vinte) horas por ano para justificativa de ausências mediante atestados odontológicos.
É preciso comunicar a empresa caso eu queira estagiar nas minhas férias?,Qualquer situação deste tipo precisa ser avaliada pela empresa. Nunca deixe de comunicar ao seu gestor que terá condições de avaliar a questão e te assegurar do correto procedimento e (...)
Quero estagiar nas minhas férias devo avisar meu gestor?,Qualquer situação deste tipo precisa ser avaliada pela empresa. Nunca deixe de comunicar ao seu gestor que terá condições de avaliar a questão e te assegurar do correto procedimento e orientação.
Posso dividir minhas férias em datas diferentes?,Sim. É possível dividir o período de descanso em até duas datas diferentes desde que não haja um período menor que 10 dias.
É possível dividir minhas férias em dois períodos?,Sim. É possível dividir o período de descanso em até duas datas diferentes desde que não haja um período menor que 10 dias.
Estou insatisfeito com meu salário. Quem devo consultar?,Consulte seu gestor ou o RH porque nossa política de Cargos e Salários preserva regras e procedimentos internos e atua visando as boas práticas de mercado. Asseguramos que não é permitido situações q (...)
Por que recebo menos que outro funcionário se temos o mesmo cargo?,Consulte seu gestor ou o RH porque nossa política de Cargos e Salários preserva regras e procedimentos internos e atua visando as boas práticas de mercado. Asseguramos que não é permitido s (...)
Posso ingressar na empresa e levar os documentos pendentes depois?,Em nenhuma hipótese podemos realizar admissão com pendência de documentos.
É possível ser admitido na empresa com pendência de documentos?,Em nenhuma hipótese podemos realizar admissão com pendência de documentos.
Qual o objetivo do formulário da entrevista de desligamento?,As informações contidas neste documento serão compiladas para apresentação de indicadores da área de RH e com base nas informações o RH deverá conduzir ações para que o volume de desligamentos re (...)
O que devo fazer para ter Plano Odontológico?,Deve encaminhar um e-mail para o dp@magnasistemas.com.br e solicitar a inclusão do benefício.
À quem devo solicitar Plano Odontológico?,Deve encaminhar um e-mail para o dp@magnasistemas.com.br e solicitar a inclusão do benefício.
Caso haja imprevistos e eu precise me ausentar alguns dias é possível uma compensação futura?,Todo funcionário precisa seguir rigorosamente seus horários contratados. Qualquer situação fora da regra requer prévia aprovação da empresa porque qualquer hora  (...)
No momento não posso compensar as horas que devo. Essas horas serão descontadas do meu salário?,Todo funcionário precisa seguir rigorosamente seus horários contratados. Qualquer situação fora da regra requer prévia aprovação da empresa porque qualquer hora (...)
Posso parcelar meu empréstimo feito na empresa?,Nos dias atuais a empresa não possui essa prática.
O empréstimo feito na empresa pode ser parcelado quantas vezes?,Nos dias atuais a empresa não possui essa prática.
A empresa paga curso de inglês aos funcionários?,Nossa empresa já possui parcerias com instituições de ensino e escolas de cursos de idiomas onde há boas condições de desconto para os colaboradores. A aplicação de subsídios relacionadas à cursos envolve um (...)
A empresa ajuda nos custos em cursos de idiomas?,Nossa empresa já possui parcerias com instituições de ensino e escolas de cursos de idiomas onde há boas condições de desconto para os colaboradores. A aplicação de subsídios relacionadas à cursos envolve um (...)
 A empresa concede o benefício de Auxílio Creche se ambos os pais forem funcionários?,Quando ambos os cônjuges forem funcionários o pagamento do benefício não é cumulativo.
Se minha esposa for funcionária nós dois recebemos o benefício de Auxílio Creche?,Quando ambos os cônjuges forem funcionários o pagamento do benefício não é cumulativo.
Recebo subsídio acadêmico. Quando eu acabar o curso continuo recebendo o pagamento?,Não. Subsídio para cursos não fazem parte de salários nominais trata-se de um investimento específico destinado ao apoio monetário exclusivo para desenvolvimento acadêmico  (...)
Após a conclusão da minha pós-graduação continuarei recebendo subsídio acadêmico?,Não. Subsídio para cursos não fazem parte de salários nominais trata-se de um investimento específico destinado ao apoio monetário exclusivo para desenvolvimento acadêmico e/ (...)
Como é feito o pagamento na empresa?,O pagamento é feito todo dia 30 de cada mês e equivalentes à 60% da remuneração e descontos previstos. No dia 15 de cada mês há o adiantamento salarial que equivalente à 40% do salário nominal.
Em quais dias a empresa paga o salário?,O pagamento é feito todo dia 30 de cada mês e equivalentes à 60% da remuneração e descontos previstos. No dia 15 de cada mês há o adiantamento salarial que equivalente à 40% do salário nominal.
Em quais situações posso ser mandado embora?,A empresa firmou um contrato de trabalho com você que precisa ser respeitado e qualquer situação contrataria às diretrizes estabelecidas podem configurar em desligamento.
Atrasos situacionais resultam em demissão?,A empresa firmou um contrato de trabalho com você que precisa ser respeitado e qualquer situação contrataria às diretrizes estabelecidas podem configurar em desligamento.
Quantos dias de folga eu tenho direito quando for casar?,É concedido ao funcionário 05 (cinco) dias uteis consecutivos de ausência sem prejuízos incluindo o dia do casamento mediante comprovação.
Irei casar em breve. Tenho direito à um período de folga?,É concedido ao funcionário 05 (cinco) dias uteis consecutivos de ausência sem prejuízos incluindo o dia do casamento mediante comprovação.
Em quais casos meu reembolso é reprovado?,A reprovação ocorre quando identificada eventual pendência de documentos ou quando é identificado solicitação fora da Política e processos.
Por que meus reembolsos não são aprovados?,A reprovação ocorre quando identificada eventual pendência de documentos ou quando é identificado solicitação fora da Política e processos.
Quando a empresa demite por justa causa?,A empresa toma essa medida de maneira fundamentada ocorre todas as vezes que comprovadamente identifique situações que infrinjam a legislação em vigor as políticas corporativas ou os protocolos da companhia.
Quais ações resultam em justa causa?,A empresa toma essa medida de maneira fundamentada ocorre todas as vezes que comprovadamente identifique situações que infrinjam a legislação em vigor as políticas corporativas ou os protocolos da companhia.
Com quem reclamar sobre as condições do banheiro?,Nossos colaboradores que atuam na estrutura do cliente (alocados em projetos) precisam seguir as diretrizes e processos determinados pelo cliente sempre reportando ao responsável MAGNASISTEMAS pela questão.
Onde faço reclamação sobre os banheiros do local de trabalho?,Nossos colaboradores que atuam na estrutura do cliente (alocados em projetos) precisam seguir as diretrizes e processos determinados pelo cliente sempre reportando ao responsável MAGNASISTEMAS p (...)
Quem devo consultar com relação à dúvidas de reembolso médico?,Conforme a opção de plano (Básico ou Pleno II) há orientações específicas. Acione o Departamento Pessoal.
O que devo fazer para ter reembolso médico?,Conforme a opção de plano (Básico ou Pleno II) há orientações específicas. Acione o Departamento Pessoal.
É possível ter acesso ao benefício odontológico após a admissão?,Sim. Para aderir ao benefício acione o Departamento Pessoal que poderá lhe orientar sobre as condições.
Posso aderir ao benefício odontológico após um determinado tempo?,Sim. Para aderir ao benefício acione o Departamento Pessoal que poderá lhe orientar sobre as condições.
Após cancelar o plano médico é possível reativá-lo?,Na admissão o colaborador pode aderir à opção de plano médico mas uma vez cancelado o benefício não é permitido reincluir.
O que faço para reativar o plano médico após o cancelamento?,Na admissão o colaborador pode aderir à opção de plano médico mas uma vez cancelado o benefício não é permitido reincluir.
Não fiz integração tenho direito à agendar uma nova?,A integração é um processo importantíssimo e todo recém-admitido precisa fazer. Procure o RH.
Fui admitido porém ainda não fiz minha integração. Como proceder?,A integração é um processo importantíssimo e todo recém-admitido precisa fazer. Procure o RH.
Existe reembolso de Táxi na festa da empresa?,A Política de Reembolso não prevê esse tipo de situação.
Na festa de empresa tive gastos com transporte. Existe reembolso nessa situação?,A Política de Reembolso não prevê esse tipo de situação.
No desligamento quais equipamentos devo entregar?,Uma vez efetivado o processo de desligamento seja por iniciativa do funcionário ou da empresa é obrigatório a entrega de todos os materiais utilizados pelo ex-funcionário (crachá da empresa ou do cliente ca (...)
O que devo entregar à empresa quando for demitido?,Uma vez efetivado o processo de desligamento seja por iniciativa do funcionário ou da empresa é obrigatório a entrega de todos os materiais utilizados pelo ex-funcionário (crachá da empresa ou do cliente c (...)
É possível agendar um conversa com meu gestor sobre a minha carreira quando estou alocado em cliente?,Embora esteja alocado em um cliente você pode acionar o seu gestor e agendar com ele uma conversa sobre seu momento de carreira e expectativas além de con (...)
Como tirar minhas dúvidas com relação à carreira quando estiver alocado em cliente?,Embora esteja alocado em um cliente você pode acionar o seu gestor e agendar com ele uma conversa sobre seu momento de carreira e expectativas além de contar com o apoio do (...)
Posso indicar funcionários à empresa?,Profissionais talentosos e com predisposição ao trabalho são bem-vindos. Toda indicação é tratada como os demais candidatos sendo submetidos à avaliação no processo seletivo.
Conheço uma pessoa desempregada em busca de emprego na área da empresa. Ele pode ser admitido mesmo com deficiência física?,Profissionais talentosos e com predisposição ao trabalho são bem-vindos. Toda indicação é tratada como os demais candidatos sendo su (...)
Existe reembolso com relação aos custos de estacionamento?,A Política de Reembolso prevê aplicar o pagamento de despesas relacionadas a gastos extraordinários quando o profissional está a trabalho.
É possível receber reembolso sobre os custos de estacionamento?,A Política de Reembolso prevê aplicar o pagamento de despesas relacionadas a gastos extraordinários quando o profissional está a trabalho.
Quem tem direito à reembolso?,Todos os colaboradores da companhia que se enquadrarem em qualquer situação apontada na Política de Reembolso.
Quem tem direito à reembolso? Em quais situações posso solicitá-lo?,Todos os colaboradores da companhia que se enquadrarem em qualquer situação apontada na Política de Reembolso.
Estou em semana de provas na faculdade. Posso sair mais cedo?,Todo funcionário precisa seguir rigorosamente seus horários contratados. Qualquer situação fora da regra requer prévia aprovação da empresa além de que qualquer hora devedora precisa ser compens (...)
É possível sair mais cedo do trabalho para aprimoramento técnico?,Todo funcionário precisa seguir rigorosamente seus horários contratados. Qualquer situação fora da regra requer prévia aprovação da empresa além de que qualquer hora devedora precisa ser com (...)
Quais funcionários tem direito à reembolso de estacionamento?,Asseguramos todos os benefícios legais aos nossos colaboradores. Pontualmente há cargos ou áreas/setores e convenção sindical com benefícios diferenciados conforme particularidades. Para cada be (...)
Quais funcionários fazem Avaliação de Desempenho?,A Avaliação de Desempenho é anual e aplicada para todos os funcionários da empresa com mais de 10 (dez) meses de casa. O feedback individual faz parte do processo e precisa ocorrer caso não tenha acontecido (...)
Como faço para ter acesso ao feedback da Avaliação de Desempenho?,A Avaliação de Desempenho é anual e aplicada para todos os funcionários da empresa com mais de 10 (dez) meses de casa. O feedback individual faz parte do processo e precisa ocorrer caso não  (...)
Caso eu seja demitido como terei acesso ao Informativo de IR?,Os ex-funcionários podem acionar diretamente o Departamento Pessoal e terão acesso por e-mail ao seu Informativo de IR.
Qual procedimento os ex-funcionários devem realizar para ter acesso ao Informativo de Imposto de Renda?,Os ex-funcionários podem acionar diretamente o Departamento Pessoal e terão acesso por e-mail ao seu Informativo de IR.
Quando ocorre o pagamento das férias?,O pagamento das férias ocorrerá dois dias úteis antes da data início das férias.
Recebo o pagamento das férias quantos dias antes das férias?,O pagamento das férias ocorrerá dois dias úteis antes da data início das férias.
A empresa abona o dia em que eu for doar sangue?,É concedido ao funcionário 01 (um) dia de ausência sem prejuízos a cada doze meses de trabalho mediante atestado de doação voluntária de sangue.
Em um ano quantos dias posso fazer doação de sangue sem prejuízos ou compensação?,É concedido ao funcionário 01 (um) dia de ausência sem prejuízos a cada doze meses de trabalho mediante atestado de doação voluntária de sangue.
A empresa contrata ex-funcionários demitidos por Justa Causa?,Sim por uma única vez e desde que respeitado o intervalo de 180 (cento e oitenta) dias de sua saída. Não recontratamos ex-funcionários que tenham sido desligados na condição de “Justa Causa”.
Caso eu seja demitido e aprimore meu conhecimento técnico posso ser recontratado?,Sim por uma única vez e desde que respeitado o intervalo de 180 (cento e oitenta) dias de sua saída. Não recontratamos ex-funcionários que tenham sido desligados na condição  (...)
O que a empresa reembolsa?,Consulte a Política! Em geral temos: reembolso de transporte coletivo Táxi deslocamentos por quilometragem e de estacionamento utilizando veículo próprio reembolso de viagens e despesas de viagens (passagem área estacionamento al (...)
Em quais casos posso ser reembolsado?,Consulte a Política! Em geral temos: reembolso de transporte coletivo Táxi deslocamentos por quilometragem e de estacionamento utilizando veículo próprio reembolso de viagens e despesas de viagens (passagem área estaci (...)
O que eu faço quando meu reembolso for negado injustamente?,Consulte seu gestor. Se ainda não esclarecido procure o RH que poderá imparcialmente avaliar junto aos responsáveis.
Meu reembolso é válido porém foi negado. Como proceder?,Consulte seu gestor. Se ainda não esclarecido procure o RH que poderá imparcialmente avaliar junto aos responsáveis.
O que faço para trocar o local de trabalho ou projeto?,É uma característica do nosso negócio a recorrente transferência entre locais de trabalho conforme projeto e necessidades do cliente. O processo de adaptação de cada pessoa é diferente e desde que plan (...)
É possível a transferência de equipe caso eu não me adapte?,É uma característica do nosso negócio a recorrente transferência entre locais de trabalho conforme projeto e necessidades do cliente. O processo de adaptação de cada pessoa é diferente e desde que (...)
Qual o significado de PLR?,É Participação nos Lucros e Resultados.
O que significa a sigla PLR?,É Participação nos Lucros e Resultados.
O formulário de Entrevista de Desligamento é confidencial?,Faz parte dos processos da área de RH conduzir uma conversa com o funcionário que formaliza o pedido de demissão ou aqueles que são desligados. O formulário de Entrevista de Desligamento é absoluta (...)
Quem tem acesso à Entrevista de Desligamento?,Faz parte dos processos da área de RH conduzir uma conversa com o funcionário que formaliza o pedido de demissão ou aqueles que são desligados. O formulário de Entrevista de Desligamento é absolutamente confi (...)
É necessário compensar os dias nos quais faço vestibular?,É concedido ao funcionário a autorização de ausência sem prejuízos nos dias que estiver prestando exames de avaliação para ingresso em instituição de ensino superior mediante comprovação.
Pretendo fazer vestibular em breve. Posso faltar na empresa no dia?,É concedido ao funcionário a autorização de ausência sem prejuízos nos dias que estiver prestando exames de avaliação para ingresso em instituição de ensino superior mediante comprovação.
Recebo subsídio para cursos. É necessário comunicar o gestor em alterações de curso/custos?,Sim. Valide sua decisão com seu gestor imediato e com o RH pois a aprovação de subsídio de cursos é aplicada com rigorosa avaliação logo qualquer mudança precisa se (...)
Vou alterar meu curso na faculdade e recebo subsídio. Devo comunicar alguém?,Sim. Valide sua decisão com seu gestor imediato e com o RH pois a aprovação de subsídio de cursos é aplicada com rigorosa avaliação logo qualquer mudança precisa ser comunicada.
O que necessito entregar para solicitar um reembolso?,Para cada tipo de reembolso há exigências específicas que estão descritas na Política de Reembolso. Vale ressaltar que recibos notas fiscais comprovantes e/ou documentos que evidenciem a veracidade da d (...)
Quais as exigências para solicitar um determinado reembolso?,Para cada tipo de reembolso há exigências específicas que estão descritas na Política de Reembolso. Vale ressaltar que recibos notas fiscais comprovantes e/ou documentos que evidenciem a veracida (...)
Por que não tenho acesso aos mesmos benefícios que meu colega?,Asseguramos a todos os benefícios legais aos colaboradores. Pontualmente há cargos ou áreas/setores e convenção sindical com benefícios diferenciados conforme particularidades. Para cada benefí (...)
Por que os benefícios concedidos pela empresa são diferentes para determinados funcionários?,Asseguramos a todos os benefícios legais aos colaboradores. Pontualmente há cargos ou áreas/setores e convenção sindical com benefícios diferenciados conforme part (...)
Terei que compensar o dia se eu for acionado pela Justiça?,A empresa autorizará a ausência do funcionário sem prejuízos em todas as ocasiões que for acionado pela Justiça mediante comprovação.
Caso eu seja acionado pela Justiça posso me ausentar na data?,A empresa autorizará a ausência do funcionário sem prejuízos em todas as ocasiões que for acionado pela Justiça mediante comprovação.
Em feriados a empresa notifica os funcionários em eventuais emendas?,Sim. A empresa sempre encaminha as orientações com antecedência mínima de 1 dia sobre folgas a serem gozadas quando implicar em compensação.
A empresa notifica os empregados caso tenham que compensar emendas de feriados?,Sim. A empresa sempre encaminha as orientações com antecedência mínima de 1 dia sobre folgas a serem gozadas quando implicar em compensação.
Em que dia da semana posso sair de férias?,As férias sempre deverão iniciar às segundas-feiras ou no dia seguinte quando a segunda-feira for um feriado.
Em quais casos posso sair de férias sem ser numa segunda?,As férias sempre deverão iniciar às segundas-feiras ou no dia seguinte quando a segunda-feira for um feriado.
Posso pedir empréstimo à empresa?,Nossa empresa possui parceria com banco onde nossos colaboradores já possuem condições diferenciadas. Consulte diretamente seu gerente bancário.
Pretendo trocar de curso na faculdade porém a mensalidade é maior. O ajuste é feito?,Não. Nossa empresa não aplica ajustes sobre o valor de subsídio aprovado. Sobre realizar a troca de instituição ou cursos/programas comunique seu gestor e RH.
Vou trocar de faculdade em breve mas o valor da mensalidade aumentará. A empresa aumenta o subsídio?,Não. Nossa empresa não aplica ajustes sobre o valor de subsídio aprovado. Sobre realizar a troca de instituição ou cursos/programas comunique seu gestor e  (...)
Onde devo registrar reclamações sobre a limpeza dos banheiros?,As questões de limpeza e higiene dos espaços da sede da MAGNASISTEMAS possui uma coordenação responsável pela qualidade e gestão. Recomendações acionar a coordenação responsável ou o RH que pod (...)
A qualidade de limpeza e higiene dos banheiros está baixa. Já acionei a coordenação responsável e nada mudou. Como proceder?,As questões de limpeza e higiene dos espaços da sede da MAGNASISTEMAS possui uma coordenação responsável pela qualidade e gestão. R (...)
Por que o valor de subsídio para estudo é diferente entre os funcionários?,Cada investimento em apoio à estudos é analisado com alto zelo e rigorosa avaliação logo podem ser diferentes entre os colaboradores do grupo sem que haja conotações de favoreciment (...)
Como funciona a análise de concessão de subsídios para os funcionários já que recebemos valores diferentes?,Cada investimento em apoio à estudos é analisado com alto zelo e rigorosa avaliação logo podem ser diferentes entre os colaboradores do grupo sem qu (...)
Posso incluir meus sobrinhos como dependentes no Plano Médico?,Não há essa opção. O Plano Médico é um benefício exclusivo para os empregados com contrato ativo e respectivo cônjuge/companheiro e/ou dependentes legais.
Posso incluir meus irmãos como dependentes no Plano Médico?,Não há essa opção. O Plano Médico é um benefício exclusivo para os empregados com contrato ativo e respectivo cônjuge/companheiro e/ou dependentes legais.
Quais os benefícios concedidos pela empresa?,Aplicamos os benefícios determinados pela legislação trabalhista e previstos na convecção coletiva da categoria.
A empresa oferece quais benefícios aos funcionários?,Aplicamos os benefícios determinados pela legislação trabalhista e previstos na convecção coletiva da categoria.
Minhas sugestões nunca são ouvidas pelos meus colegas de equipe. Onde posso fazer uma reclamação?,Cada área dentro da companhia possui uma determinada diretoria gerência ou coordenação responsáveis e estão todos muito abertos a sugestões para juntos melhor (...)
Onde posso fazer críticas ou sugestões de melhoria?,Cada área dentro da companhia possui uma determinada diretoria gerência ou coordenação responsáveis e estão todos muito abertos a sugestões para juntos melhorarmos assim como críticas ou questões.
Quando eu acabei minha pós não tive o subsídio convertido em salário diferentemente do meu colega por quê?,Certamente seu colega teve um ajuste salarial em mérito ou promoção. Subsídio para cursos não fazem parte de salários nominais.
Qual o padrão utilizado para converter o subsídio para cursos em salário já que meu colega teve e eu não?,Certamente seu colega teve um ajuste salarial em mérito ou promoção. Subsídio para cursos não fazem parte de salários nominais.
Quais os procedimentos para incluir minha esposa como dependente no Plano Médico?,É necessário a apresentação de uma determinada relação de documentos para a inclusão de dependentes. Consulte o Departamento Pessoal.
O que devo fazer para incluir dependentes no Plano Médico?,É necessário a apresentação de uma determinada relação de documentos para a inclusão de dependentes. Consulte o Departamento Pessoal.
Com quem os ex-funcionários podem esclarecer dúvidas sobre valores de recebimento?,Os ex-funcionários podem esclarecer dúvidas entrando em contato com a área de Departamento Pessoal.
Com quem devo falar caso eu seja demitido e tenha dúvidas sobre o recebimento das verbas rescisórias?,Os ex-funcionários podem esclarecer dúvidas entrando em contato com a área de Departamento Pessoal.
É possível aumentar o valor do meu vale refeição?,Não. A empresa segue padrões e aplica o benefício conforme convenção coletiva local.
Posso solicitar aumento do valor do VR?,Não. A empresa segue padrões e aplica o benefício conforme convenção coletiva local.
Quantos dias são concedidos caso algum familiar faleça?,É concedido ao funcionário 05 (cinco) dias úteis consecutivos de ausência sem prejuízos mediante comprovação somente em caso de falecimento de cônjuge pais filhos irmãos ou dependentes legais.
Quando algum familiar falece quantos dias tenho o direito de ficar em casa?,É concedido ao funcionário 05 (cinco) dias úteis consecutivos de ausência sem prejuízos mediante comprovação somente em caso de falecimento de cônjuge pais filhos irmãos ou depende (...)
Antes de ser demitido posso fazer o backup dos arquivos do computador da empresa?,Nenhum funcionário está autorizado a realizar backup de arquivos dos equipamentos da empresa visto que o equipamento disponibilizado é de uso exclusivo para fins profissionai (...)
Posso fazer o backup dos arquivos pessoais que estão no equipamento da empresa antes de sair?,Nenhum funcionário está autorizado a realizar backup de arquivos dos equipamentos da empresa visto que o equipamento disponibilizado é de uso exclusivo para fins  (...)
Por que não recebi o PLR?,É possível que sua Avaliação Individual de Desempenho não tenha ficado dentro da média para elegibilidade do PLR. Consulte o RH.
Atingi os requisitos necessários para recebimento do PLR por que não recebi o pagamento?,É possível que sua Avaliação Individual de Desempenho não tenha ficado dentro da média para elegibilidade do PLR. Consulte o RH.
Posso indicar parentes para a empresa?,Sim. Desde que comprovadamente o profissional demonstre as competências para o respectivo cargo no processo de seleção pois é avaliado como os demais candidatos da companhia e atuamos para que não ocorra em nenhuma hi (...)
Se eu indicar um parente para a empresa ele pode ser contratado?,Sim. Desde que comprovadamente o profissional demonstre as competências para o respectivo cargo no processo de seleção pois é avaliado como os demais candidatos da companhia e atuamos para qu (...)
O que faço para receber o brinde já que no dia que foi entregue eu não estava presente?,Normalmente é encaminhado ao setor aos cuidados do colaborador ou centralizado com o gestor. Qualquer dúvida procure o RH.
Estava viajando quando a empresa entregou o brinde. Com quem eu falo para receber?,Normalmente é encaminhado ao setor aos cuidados do colaborador ou centralizado com o gestor. Qualquer dúvida procure o RH.
É possível fazer alterações no Plano Médico?,Na admissão o colaborador terá acesso às condições do plano e uma vez optado não poderá fazer alterações ao longo do contrato.
Com quem devo falar para fazer alterações no Plano Médico?,Na admissão o colaborador terá acesso às condições do plano e uma vez optado não poderá fazer alterações ao longo do contrato.
Em quanto tempo recebo pendências identificadas na homologação?,Homologações com ressalvas precisam ser pagas em até 10 (dez) dias corridos a partir da ressalva apontada pelo sindicato.
O sindicato identificou ressalvas na minha homologação. Qual o tempo limite para receber as pendências?,Homologações com ressalvas precisam ser pagas em até 10 (dez) dias corridos a partir da ressalva apontada pelo sindicato.
A empresa auxilia em cirurgias não cobridas pelo Plano Médico?,Nossa empresa não conduz nenhuma alteração tratativas de exceção junto aos acordos de benefícios.
Com quem devo conversar para conseguir auxílio no pagamento de uma cirurgia que o plano não cobre?,Nossa empresa não conduz nenhuma alteração tratativas de exceção junto aos acordos de benefícios.
Tenho direito à licença paternidade se adotar uma criança?,É concedido ao funcionário 05 (cinco) dias úteis consecutivos de ausência na semana do nascimento ou adoção de filho mediante comprovação.
Quantos dias são concedidos na semana de nascimento do meu filho?,É concedido ao funcionário 05 (cinco) dias úteis consecutivos de ausência na semana do nascimento ou adoção de filho mediante comprovação.
Como será feita a avaliação de desempenho sendo que estive em poucos projetos no decorrer do ano?,Seu gestor conduzirá a avaliação com base nos dados que possui. Cabe a ele levantar estes dados.
Estive em poucos projetos no ano. Isso prejudicará a minha avaliação de desempenho?,Seu gestor conduzirá a avaliação com base nos dados que possui. Cabe a ele levantar estes dados.
Em quantos dias após o desligamento receberei os pagamentos pendentes?,A empresa deve efetuar o pagamento das verbas rescisórias em até 10 (dez) dias após efetivação do pedido de desligamento do ex-funcionário.
Qual a data limite para o pagamento das verbas rescisórias do ex-funcionário?,A empresa deve efetuar o pagamento das verbas rescisórias em até 10 (dez) dias após efetivação do pedido de desligamento do ex-funcionário.
A empresa permite estágio não remunerado?,Não realizamos essa modalidade de contratação. Todos os profissionais possuem contrato que pode ser de trabalho ou estágio.
É permitido à um estudante de TI fazer um estágio não remunerado para aprimorar conhecimento?,Não realizamos essa modalidade de contratação. Todos os profissionais possuem contrato que pode ser de trabalho ou estágio.
Com quem faço questionamentos sobre a Avaliação de Desempenho?,A nota final da Avaliação de Desempenho é definida pelo gestor com base na performance do colaborador ao longo do ano. Na reunião de feedback com seu gestor você pode conduzir suas indagações e (...)
Não entendi a minha nota final da Avaliação de Desempenho. Como proceder?,A nota final da Avaliação de Desempenho é definida pelo gestor com base na performance do colaborador ao longo do ano. Na reunião de feedback com seu gestor você pode conduzir suas i (...)
Apontamentos atrasados resultam em advertência?,Sim. O colaborador obrigatoriamente precisa fazer o controle de seu ponto.
Advertências são aplicadas em virtude de apontamentos atrasados?,Sim. O colaborador obrigatoriamente precisa fazer o controle de seu ponto.
É possível receber uma suspensão sem antes ter assinado nenhuma advertência?,Sim. As sanções de Advertência e Suspensão são aplicadas todas as vezes que houver comprovação de falta das práticas contratuais de trabalho ou as respectivas Políticas Manuais e  (...)
Meu gestor pode aplicar uma suspensão sem antes ter aplicado uma advertência?,Sim. As sanções de Advertência e Suspensão são aplicadas todas as vezes que houver comprovação de falta das práticas contratuais de trabalho ou as respectivas Políticas Manuais e (...)
Sou estagiário. Devo solicitar férias no sistema assim como os outros funcionários?,Estagiários possuem contrato de estágio portanto suas condições são diferentes dos colaboradores que possuem contrato de trabalho.
Os estagiários devem solicitar férias no sistema com quantos dias de antecedência?,Estagiários possuem contrato de estágio portanto suas condições são diferentes dos colaboradores que possuem contrato de trabalho.
Quem faz minha avaliação de desempenho: o gestor atual ou o gestor com o qual eu trabalhei durante um período de tempo maior?,O gestor atual é o responsável por concluir a avaliação. Cabe a ele levantar dados sobre sua performance.
Meu gestor atual conduzirá a minha avaliação de desempenho porém meu antigo gestor me conhece mais. Por que ele não pode me avaliar?,O gestor atual é o responsável por concluir a avaliação. Cabe a ele levantar dados sobre sua performance.
É dever da empresa conceder férias ao funcionário?,Sim. É um dever da empresa assegurar esse direito do empregado. É importante e necessário o planejamento das férias.
É obrigatório o período de férias do funcionário?,Sim. É um dever da empresa assegurar esse direito do empregado. É importante e necessário o planejamento das férias.
A empresa aumenta o valor do VT ou então ajuda nas despesas extras de transporte?,Seguimos com rigor a legislação trabalhista e nossa convenção coletiva que preveem a aplicação de VT aos funcionários.
Além do VT quais ajudas de custo relacionadas à transporte existem na empresa?,Seguimos com rigor a legislação trabalhista e nossa convenção coletiva que preveem a aplicação de VT aos funcionários.
Quem tem direito à receber subsídio de pós-graduação?,Nossa empresa já possui parcerias com instituições de ensino onde há boas condições de desconto para colaboradores. A aplicação de subsídios relacionadas à cursos envolve um rigoroso processo de análise (...)
Com quem devo conversar para solicitar subsídio de pós-graduação?,Nossa empresa já possui parcerias com instituições de ensino onde há boas condições de desconto para colaboradores. A aplicação de subsídios relacionadas à cursos envolve um rigoroso process (...)
Após quanto tempo de trabalho o funcionário tem direito às férias?,Após 12 meses completos de trabalho já é possível o direito às férias.
Os funcionários tem direito às férias após quantos meses de trabalho?,Após 12 meses completos de trabalho já é possível o direito às férias.
Além do VT alguma outra ajuda é concedida com relação ao transporte?,Seguimos com rigor a legislação trabalhista e nossa convenção coletiva que preveem a aplicação de Vale Transporte aos funcionários conforme necessidade de deslocamento do endereço residen (...)
A empresa concede o benefício de Vale Transporte ao Funcionário?,Seguimos com rigor a legislação trabalhista e nossa convenção coletiva que preveem a aplicação de Vale Transporte aos funcionários conforme necessidade de deslocamento do endereço residencial (...)
Caso eu seja aprovado posso pedir o reembolso do pagamento da certificação?,A certificação técnica é um compromisso de cada profissional por isso aprovação de subsídios ou reembolso envolve um rigoroso processo de análise junto ao RH e gestores para avalia (...)
A empresa faz o reembolso de certificações aos funcionários?,A certificação técnica é um compromisso de cada profissional por isso aprovação de subsídios ou reembolso envolve um rigoroso processo de análise junto ao RH e gestores para avaliação da elegibil (...)
Existe estabilidade de emprego para o marido da gestante?,Ao funcionário marido ou companheiro de gestante é garantido o emprego a partir do 8º (oitavo) mês de gestação e até 30 (trinta) dias após a data do parto mediante comprovação.
Quantos dias de estabilidade de emprego o marido da gestante tem após o nascimento da criança?,Ao funcionário marido ou companheiro de gestante é garantido o emprego a partir do 8º (oitavo) mês de gestação e até 30 (trinta) dias após a data do parto median (...)
O funcionário pode trabalhar nas férias?,Não é autorizado trabalhar durante o período de férias.
É permitido ao funcionário trabalhar durante as férias?,Não é autorizado trabalhar durante o período de férias.
Posso agendar minhas férias no sistema enquanto estiver no período de licença maternidade e após o término da licença sair de férias?,Toda programação de férias segue a política divulgada pela empresa. É possível gozar de férias a partir do término da lice (...)
É possível emendar o período da licença maternidade com as férias?,Toda programação de férias segue a política divulgada pela empresa. É possível gozar de férias a partir do término da licença maternidade desde que seja previamente planejada e aprovada no  (...)
Jovem Aprendiz tem direito às férias remuneradas?,Sim. O Jovem Aprendiz é um colaborador e possui direito às férias remuneradas.
Férias é um direito do Jovem Aprendiz?,Sim. O Jovem Aprendiz é um colaborador e possui direito às férias remuneradas.
Posso utilizar as horas positivas do meu banco de horas quando eu quiser?,É necessário conversar com seu gestor MAGNASISTEMAS para o respectivo planejamento além de formalização.
Quais os procedimentos para utilizar as horas positivas e descansar um período?,É necessário conversar com seu gestor MAGNASISTEMAS para o respectivo planejamento além de formalização.
Posso fazer adesão ao plano médico da empresa em qualquer momento?,A partir da admissão o colaborador poderá fazer a opção de adesão ao plano médico corporativa em até 30 (trinta) dias sem carência passado esse prazo passará a ter carência.
Após a admissão em quanto tempo posso fazer adesão ao plano médico da empresa?,A partir da admissão o colaborador poderá fazer a opção de adesão ao plano médico corporativa em até 30 (trinta) dias sem carência passado esse prazo passará a ter carência.
Quantos dias sem desconto são concedidos às funcionárias em período de gestação?,É concedido à funcionária gestante a dispensa do horário de trabalho pelo tempo que for necessário para a realização de 09 (nove) consultas médicas e demais exames complementa (...)
Durante o período de gestação todas as horas de consultas médicas exames serão abonadas?,É concedido à funcionária gestante a dispensa do horário de trabalho pelo tempo que for necessário para a realização de 09 (nove) consultas médicas e demais exames com (...)
Posso acumular apontamentos e enviá-los de uma vez?,A apontamento deve ser feito diariamente.
Quantos dias posso atrasar um apontamento?,A apontamento deve ser feito diariamente.
Preciso da aprovação de quem para tirar férias?,Todos os colaboradores precisam da autorização do gestor da área gestor MAGNASISTEMAS para aprovação do período de férias.
Posso tirar férias sem aprovação do cliente?,Todos os colaboradores precisam da autorização do gestor da área gestor MAGNASISTEMAS para aprovação do período de férias.
O que devo fazer para ser promovido?,O processo interno de avaliação de promoção de pessoas é bem minucioso e deve ser conduzido pelo RH em parceira com o gestor. Aproveite sua Avaliação de Desempenho para realizar essa conversa com seu gestor MAGNASISTEMA (...)
Supero todos os requisitos necessários ao meu cargo por que não sou promovido?,O processo interno de avaliação de promoção de pessoas é bem minucioso e deve ser conduzido pelo RH em parceira com o gestor. Aproveite sua Avaliação de Desempenho para realizar (...)
Quais os dias em que a empresa admite os funcionários?,A empresa possui dias específicos para formalizar as contratações consulte o RH.
Os funcionários novos podem ser admitidos em qualquer data?,A empresa possui dias específicos para formalizar as contratações consulte o RH.
Sou ex-funcionário da empresa. Se a nova empresa pedir recomendações o gestor da MAGNASISTEMAS poderá fazer?,Nossas políticas não autorizam qualquer tipo de informação de funcionários ou ex-funcionários ou prestadores de serviços a qualquer esfera salvo em (...)
Em quais momentos a empresa concede informações pessoais à terceiros?,Nossas políticas não autorizam qualquer tipo de informação de funcionários ou ex-funcionários ou prestadores de serviços a qualquer esfera salvo em situações jurídicas.
Fui contratado para um projeto em específico que está acabando. Posso continuar na empresa após esse período?,Normalmente antes da efetivação do distrato ou desligamento de profissionais alocados em projetos que foram terminados a área de RH em conjunto do (...)
Posso continuar trabalhando na empresa após o término do projeto para o qual fui contratado?,Normalmente antes da efetivação do distrato ou desligamento de profissionais alocados em projetos que foram terminados a área de RH em conjunto dos gestores da com (...)
É possível de alguma forma aderir ao plano médico sem carência após a data limite?,Não é possível em nenhuma hipótese.
Não fui informado sobre a data limite para adesão ao plano médico sem carência. Ainda posso ser incluído?,Não é possível em nenhuma hipótese.
Posso recomendar funcionários para trabalhar na empresa?,Sim. Encaminhe o currículo para rs@magnasistemas.com.br
É permitido a indicação de um amigo para trabalhar na Magna?,Sim. Encaminhe o currículo para rs@magnasistemas.com.br
É permitido acumular quantas férias?,A MAGNASISTEMAS não permitido acumular dois períodos consecutivos de férias ou haverá sua programação automaticamente.
Tenho férias acumuladas o que devo fazer?,A MAGNASISTEMAS não permitido acumular dois períodos consecutivos de férias ou haverá sua programação automaticamente.
Por que a empresa não aumenta meu salário?,Qualquer situação que implique questões corporativas/administrativas ou sobre sua carreira acione seu gestor MAGNASISTEMAS que poderá avaliar. Conte com o RH.
Tenho superado as expectativas porém não sou promovido o que devo fazer?,Qualquer situação que implique questões corporativas/administrativas ou sobre sua carreira acione seu gestor MAGNASISTEMAS que poderá avaliar. Conte com o RH.
Quem devo consultar para ter ajuda de custos em certificações?,A certificação técnica é um compromisso de cada profissional por isso aprovação de subsídios envolve um rigoroso processo de análise junto ao RH e gestores para avaliação da elegibilidade.
A empresa pode auxiliar financeiramente na obtenção de certificações?,A certificação técnica é um compromisso de cada profissional por isso aprovação de subsídios envolve um rigoroso processo de análise junto ao RH e gestores para avaliação da elegibilidad (...)
Como é determinado o valor da PLR?,Nossa empresa segue a convenção coletiva que prevê o pagamento de até um salário normativo aos colaboradores diante do resultado anual.
A empresa paga o valor correto de PLR?,Nossa empresa segue a convenção coletiva que prevê o pagamento de até um salário normativo aos colaboradores diante do resultado anual.
Posso trocar de área na empresa?,Sim. O RH pode realizar uma reunião com você sobre carreira e promover algumas reflexões a respeito deste tema mas é importante conversar com seu gestor a respeito do seu interesse e desejo.
Devo consultar o RH para trocar de área dentro da empresa?,Sim. O RH pode realizar uma reunião com você sobre carreira e promover algumas reflexões a respeito deste tema mas é importante conversar com seu gestor a respeito do seu interesse e desejo.
Tenho férias acumuladas porém meu banco de horas está positivo. Posso zerar o banco ao invés de tirar férias?,Não. Banco de Horas é diferente de Férias.
É possível utilizar o banco de horas ao invés de formalizar férias?,Não. Banco de Horas é diferente de Férias.
É possível vender todos os dias das férias?,As férias são de 30 dias sendo que é possível descansar 20 dias em férias e fazer a opção por “vender” 10 dias – chamamos isso de abono pecuniário.
A empresa aceita que eu venda quantos dias das minhas férias?,As férias são de 30 dias sendo que é possível descansar 20 dias em férias e fazer a opção por “vender” 10 dias – chamamos isso de abono pecuniário.
Nunca tenho aumento salarial. O que devo fazer?,É muito importante realizar uma conversa com seu gestor. Busque uma agenda com ele e traga suas dúvidas sobre carreira além de ter o feedback anual da Avaliação de Desempenho onde poderão conversar a respeito (...)
Faz muito tempo que não recebo aumento. Quem devo procurar?,É muito importante realizar uma conversa com seu gestor. Busque uma agenda com ele e traga suas dúvidas sobre carreira além de ter o feedback anual da Avaliação de Desempenho onde poderão conversa (...)
Posso dividir minhas férias em duas sendo que tive descontos nos dias por faltas?,Aqueles que possuem menos de 30 dias de férias devido aos descontos por falta e solicitarem o abono pecuniário não poderão dividir o período de férias.
Em quais condições não posso dividir minhas férias?,Aqueles que possuem menos de 30 dias de férias devido aos descontos por falta e solicitarem o abono pecuniário não poderão dividir o período de férias.
É permitido pedir aumento ao cliente?,Não. Essa pratica configura falta grave. Acione seu gestor MAGNASISTEMAS sempre. Lembre-se que o RH também poderá avaliar seu questionamento.
Meu colega pediu aumento salarial para o cliente. Posso pedir também?,Não. Essa pratica configura falta grave. Acione seu gestor MAGNASISTEMAS sempre. Lembre-se que o RH também poderá avaliar seu questionamento.
Tenho que compensar as horas quando levar meu filho ao médico?,É concedido aos funcionários 03 (três) dias uteis 24 (vinte e quatro) horas fracionadas por ano para a justificativa de levar os filhos de até 10 (dez) anos de idade ao médico sem prejuízos med (...)
Meu filho está fazendo um tratamento médico e tenho que acompanhá-lo. Essas horas serão descontadas?,É concedido aos funcionários 03 (três) dias uteis 24 (vinte e quatro) horas fracionadas por ano para a justificativa de levar os filhos de até 10 (dez) ano (...)
O funcionário pode decidir que dia tirar férias?,É possível desde que siga as orientações do processo e haja a aprovação do gestor da área que avaliará o planejamento das demandas.
Pretendo combinar a data das minhas férias com a da minha família. Posso escolher a data?,É possível desde que siga as orientações do processo e haja a aprovação do gestor da área que avaliará o planejamento das demandas.
O funcionário perdeu a carteira de trabalho. Ele pode ser admitido e levar depois?,É necessário providenciar a segunda via da CTPS ou não podemos evoluir com sua admissão.
Perdi minha carteira de trabalho. O que devo fazer para ser admitido?,É necessário providenciar a segunda via da CTPS ou não podemos evoluir com sua admissão.
Como faço para receber Auxílio Creche?,O Auxilio Creche está previsto em convenção coletiva é necessário a apresentação da Nota Fiscal ou recibo da creche onde a criança é matriculada ou a comprovação que há uma pessoa que cuide da criança desde que aprese (...)
Todo funcionário tem direito ao benefício Creche?,O Auxilio Creche está previsto em convenção coletiva é necessário a apresentação da Nota Fiscal ou recibo da creche onde a criança é matriculada ou a comprovação que há uma pessoa que cuide da criança desde (...)
