o que é tesouro direto?,definicao/titulos/tesouro_direto
como funciona o tesouro direto?,definicao/titulos/tesouro_direto
tesouro direto,definicao/titulos/tesouro_direto
qual é a definição de um tesouro direto?,definicao/titulos/tesouro_direto
o que é cdb?,definicao/titulos/cdb
como funciona o cdb?,definicao/titulos/cdb
cdb,definicao/titulos/cdb
qual é a definição de um cdb?,definicao/titulos/cdb
o que são certificados de depósitos bancários?,definicao/titulos/cdb
como funcionam os certificados de depósitos bancários?,definicao/titulos/cdb
certificado de depósito bancário,definicao/titulos/cdb
qual é a definição de uma certificado de depósito bancário?,definicao/titulos/cdb
o que são títulos de cdb?,definicao/titulos/cdb
como funcionam os títulos de cdb?,definicao/titulos/cdb
títulos de cdb,definicao/titulos/cdb
qual é a definição de um título de cdb?,definicao/titulos/cdb
o que são os títulos de certificado de depósito bancário?,definicao/titulos/cdb
como funcionam os títulos de certificado de depósito bancário?,definicao/titulos/cdb
títulos de certificado de depósito bancário,definicao/titulos/cdb
qual é a definição de um título de certificado de depósito bancário?,definicao/titulos/cdb
o que é lc?,definicao/titulos/lc
o que são lc?,definicao/titulos/lc
o que é um titulo de lc?,definicao/titulos/lc
o que são os titulos de lc?,definicao/titulos/lc
como funciona o lc?,definicao/titulos/lc
como funcionam os títulos de lc?,definicao/titulos/lc
lc,definicao/titulos/lc
qual é a definição de um lc?,definicao/titulos/lc
qual é a definição de títulos de lc?,definicao/titulos/lc
o que é letra de câmbio?,definicao/titulos/lc
o que são títulos letra de câmbio?,definicao/titulos/lc
o que são letras de câmbio?,definicao/titulos/lc
o que são títulos de letras de câmbio?,definicao/titulos/lc
o que é um titulo de letra de câmbio?,definicao/titulos/lc
como funciona o letra de câmbio?,definicao/titulos/lc
como funcionam os títulos de letras de câmbio?,definicao/titulos/lc
letra de câmbio,definicao/titulos/lc
título de letra de câmbio,definicao/titulos/lc
qual é a definição de uma letra de câmbio?,definicao/titulos/lc
o que é lci?,definicao/titulos/lci
como funciona o lci?,definicao/titulos/lci
lci,definicao/titulos/lci
qual é a definição de um lci?,definicao/titulos/lci
o que são letras de crédito imobiliário?,definicao/titulos/lci
como funcionam as letras de crédito imobiliário?,definicao/titulos/lci
letras de crédito imobiliário,definicao/titulos/lci
qual é a definição de uma letra de crédito imobiliário?,definicao/titulos/lci
o que são títulos de lci?,definicao/titulos/lci
como funcionam os títulos de lci?,definicao/titulos/lci
títulos de lci,definicao/titulos/lci
qual é a definição de um título de lci?,definicao/titulos/lci
o que são os títulos de letras de crédito imobiliário?,definicao/titulos/lci
como funcionam os títulos de letras de crédito imobiliário?,definicao/titulos/lci
títulos de letras de crédito imobiliário,definicao/titulos/lci
qual é a definição de um título de letra de crédito imobiliário?,definicao/titulos/lci
o que é lca?,definicao/titulos/lca
como funciona o lca?,definicao/titulos/lca
lca,definicao/titulos/lca
qual é a definição de um lca?,definicao/titulos/lca
o que são letras de crédito agronegócio?,definicao/titulos/lca
como funcionam as letras de crédito agronegócio?,definicao/titulos/lca
letras de crédito agronegócio,definicao/titulos/lca
qual é a definição de uma letra de crédito agronegócio?,definicao/titulos/lca
o que são títulos de lca?,definicao/titulos/lca
como funcionam os títulos de lca?,definicao/titulos/lca
títulos de lca,definicao/titulos/lca
qual é a definição de um título de lca?,definicao/titulos/lca
o que são os títulos de letras de crédito agronegócio?,definicao/titulos/lca
como funcionam os títulos de letras de crédito agronegócio?,definicao/titulos/lca
títulos de letras de crédito agronegócio,definicao/titulos/lca
qual é a definição de um título de letra de crédito agronegócio?,definicao/titulos/lca
o que é selic?,definicao/taxas/selic
como funciona a selic?,definicao/taxas/selic
gostaria de saber o que é a selic,definicao/taxas/selic
selic,definicao/taxas/selic
qual a definição de selic,definicao/taxas/selic
o que é a taxa básica?,definicao/taxas/selic
como funciona a taxa básica?,definicao/taxas/selic
gostaria de saber o que é a taxa básica,definicao/taxas/selic
taxa básica,definicao/taxas/selic
qual a definição de taxa básica,definicao/taxas/selic
o que é cdi?,definicao/taxas/cdi
como funciona o cdi?,definicao/taxas/cdi
gostaria de saber o que é o cdi,definicao/taxas/cdi
cdi,definicao/taxas/cdi
qual a definição de cdi,definicao/taxas/cdi
o que é certificado de depósito interbancário?,definicao/taxas/cdi
como funciona o certificado de depósito interbancário?,definicao/taxas/cdi
gostaria de saber o que é o certificado de depósito interbancário,definicao/taxas/cdi
certificado de depósito interbancário,definicao/taxas/cdi
qual a definição de certificado de depósito interbancário,definicao/taxas/cdi
o que é ipca?,definicao/taxas/ipca
como funciona o ipca?,definicao/taxas/ipca
gostaria de saber o que é o ipca,definicao/taxas/ipca
ipca,definicao/taxas/ipca
qual a definição de ipca,definicao/taxas/ipca
o que é o índice de preços ao consumidor amplo?,definicao/taxas/ipca
como funciona o índice de preços ao consumidor amplo?,definicao/taxas/ipca
gostaria de saber o que é o índice de preços ao consumidor amplo,definicao/taxas/ipca
índice de preços ao consumidor amplo,definicao/taxas/ipca
qual a definição de índice de preços ao consumidor amplo,definicao/taxas/ipca
o que é igpm?,definicao/taxas/igpm
como funciona o igpm?,definicao/taxas/igpm
gostaria de saber o que é o igpm,definicao/taxas/igpm
igpm,definicao/taxas/igpm
qual a definição de igpm,definicao/taxas/igpm
o que é o índice geral de preços do mercado?,definicao/taxas/igpm
como funciona o índice geral de preços do mercado?,definicao/taxas/igpm
gostaria de saber o que é o índice geral de preços do mercado,definicao/taxas/igpm
índice geral de preços do mercado,definicao/taxas/igpm
qual a definição de índice geral de preços do mercado,definicao/taxas/igpm
Quais os títulos do tesouro direto disponíveis no momento?,titulos_disponiveis/cdb
Em quais títulos do tesouro direto posso investir?,titulos_disponiveis/tesouro_direto
Quais os títulos do tesouro direto posso investir?,titulos_disponiveis/tesouro_direto
Onde posso investir em títulos do tesouro direto?,titulos_disponiveis/tesouro_direto
Quais os CDB disponíveis no momento?,titulos_disponiveis/cdb
Em quais CDB posso investir?,titulos_disponiveis/cdb
Quais os CDB posso investir?,titulos_disponiveis/cdb
Onde posso investir em CDB?,titulos_disponiveis/cdb
Quais os títulos de CDB disponíveis no momento?,titulos_disponiveis/cdb
Em quais títulos de CDB posso investir?,titulos_disponiveis/cdb
Quais os títulos de CDB posso investir?,titulos_disponiveis/cdb
Onde posso investir em títulos de CDB?,titulos_disponiveis/cdb
Quais os certificados de depósito bancário disponíveis no momento?,titulos_disponiveis/cdb
Em quais certificado de depósito bancário posso investir?,titulos_disponiveis/cdb
Quais os certificado de depósito bancário posso investir?,titulos_disponiveis/cdb
Onde posso investir em certificado de depósito bancário?,titulos_disponiveis/cdb
Quais os títulos de certificado de depósito bancário disponíveis no momento?,titulos_disponiveis/cdb
Em quais títulos de certificado de depósito bancário posso investir?,titulos_disponiveis/cdb
Quais os títulos de certificado de depósito bancário posso investir?,titulos_disponiveis/cdb
Onde posso investir em títulos de certificado de depósito bancário?,titulos_disponiveis/cdb
Quais os LC disponíveis no momento?,titulos_disponiveis/lc
Em quais LC posso investir?,titulos_disponiveis/lc
Quais os LC posso investir?,titulos_disponiveis/lc
Onde posso investir em LC?,titulos_disponiveis/lc
Quais os títulos de LC disponíveis no momento?,titulos_disponiveis/lc
Em quais títulos de LC posso investir?,titulos_disponiveis/lc
Quais os títulos de LC posso investir?,titulos_disponiveis/lc
Onde posso investir em títulos de LC?,titulos_disponiveis/lc
Quais as letras de câmbio disponíveis no momento?,titulos_disponiveis/lc
Em quais letras de câmbio posso investir?,titulos_disponiveis/lc
Quais os letras de câmbio posso investir?,titulos_disponiveis/lc
Onde posso investir em letras de câmbio?,titulos_disponiveis/lc
Quais os títulos de letras de câmbio disponíveis no momento?,titulos_disponiveis/lc
Em quais títulos de letras de câmbio posso investir?,titulos_disponiveis/lc
Quais os títulos de letras de câmbio posso investir?,titulos_disponiveis/lc
Onde posso investir em títulos de letras de câmbio?,titulos_disponiveis/lc
Quais os LCI disponíveis no momento?,titulos_disponiveis/lci
Em quais LCI posso investir?,titulos_disponiveis/lci
Quais os LCI posso investir?,titulos_disponiveis/lci
Onde posso investir em LCI?,titulos_disponiveis/lci
Quais os títulos de LCI disponíveis no momento?,titulos_disponiveis/lci
Em quais títulos de LCI posso investir?,titulos_disponiveis/lci
Quais os títulos de LCI posso investir?,titulos_disponiveis/lci
Onde posso investir em títulos de LCI?,titulos_disponiveis/lci
Quais as letras de crédito imobiliário disponíveis no momento?,titulos_disponiveis/lci
Em quais letras de crédito imobiliário posso investir?,titulos_disponiveis/lci	
Quais os letras de crédito imobiliário posso investir?,titulos_disponiveis/lci
Onde posso investir em letras de crédito imobiliário?,titulos_disponiveis/lci
Quais os títulos de letras de crédito imobiliário disponíveis no momento?,titulos_disponiveis/lci
Em quais títulos de letras de crédito imobiliário posso investir?,titulos_disponiveis/lci
Quais os títulos de letras de crédito imobiliário posso investir?,titulos_disponiveis/lci
Onde posso investir em títulos de letras de crédito imobiliário?,titulos_disponiveis/lci
Quais os LCA disponíveis no momento?,titulos_disponiveis/lca
Em quais LCA posso investir?,titulos_disponiveis/lca
Quais os LCA posso investir?,titulos_disponiveis/lca
Onde posso investir em LCA?,titulos_disponiveis/lca
Quais os títulos de LCA disponíveis no momento?,titulos_disponiveis/lca
Em quais títulos de LCA posso investir?,titulos_disponiveis/lca
Quais os títulos de LCA posso investir?,titulos_disponiveis/lca
Onde posso investir em títulos de LCA?,titulos_disponiveis/lca
Quais as letras de crédito do agronegócio disponíveis no momento?,titulos_disponiveis/lca
Em quais letras de crédito do agronegócio posso investir?,titulos_disponiveis/lca
Quais os letras de crédito do agronegócio posso investir?,titulos_disponiveis/lca
Onde posso investir em letras de crédito do agronegócio?,titulos_disponiveis/lca
Quais os títulos de letras de crédito do agronegócio disponíveis no momento?,titulos_disponiveis/lca
Em quais títulos de letras de crédito do agronegócio posso investir?,titulos_disponiveis/lca
Quais os títulos de letras de crédito do agronegócio posso investir?,titulos_disponiveis/lca
Onde posso investir em títulos de letras de crédito agronegócio?,titulos_disponiveis/lca
Qual o procedimento para investir em um título?,procedimentos
Como faço para investir em um título?,procedimentos
Como transferir dinheiro para minha conta para começar a investir?,procedimentos
Como faço para investir?,procedimentos
Quais os passos para investir?,procedimentos
Qual o procedimento para investir no tesouro direto?,procedimentos
Como faço para investir no tesouro direto?,procedimentos
Como transferir dinheiro para minha conta para começar a investir no tesouro direto?,procedimentos
Como faço para investir no tesouro direto?,procedimentos
Quais os passos para investir no tesouro direto?,procedimentos
Qual o procedimento para investir em um CDB?,procedimentos
Como faço para investir em um CDB?,procedimentos
Como transferir dinheiro para minha conta para começar a investir em CDB?,procedimentos
Como faço para investir em CDB?,procedimentos
Quais os passos para investir em CDB?,procedimentos
Qual o procedimento para investir em um certificado de depósito bancário?,procedimentos
Como faço para investir em um certificado de depósito bancário?,procedimentos
Como transferir dinheiro para minha conta para começar a investir em certificado de depósito bancário?,procedimentos
Como faço para investir em certificado de depósito bancário?,procedimentos
Quais os passos para investir em certificado de depósito bancário?,procedimentos
Qual o procedimento para investir em um LC?,procedimentos
Como faço para investir em um LC?,procedimentos
Como transferir dinheiro para minha conta para começar a investir em LC?,procedimentos
Como faço para investir em LC?,procedimentos
Quais os passos para investir em LC?,procedimentos
Qual o procedimento para investir em letras de câmbio?,procedimentos
Como faço para investir em letras de câmbio?,procedimentos
Como transferir dinheiro para minha conta para começar a investir em letras de câmbio?,procedimentos
Como faço para investir em letras de câmbio?,procedimentos
Quais os passos para investir em letras de câmbio?,procedimentos
Qual o procedimento para investir em um LCI?,procedimentos
Como faço para investir em um LCI?,procedimentos
Como transferir dinheiro para minha conta para começar a investir em LCI?,procedimentos
Como faço para investir em LCI?,procedimentos
Quais os passos para investir em LCI?,procedimentos
Qual o procedimento para investir em letras de crédito imobiliário?,procedimentos
Como faço para investir em letras de crédito imobiliário?,procedimentos
Como transferir dinheiro para minha conta para começar a investir em letras de crédito imobiliário?,procedimentos
Como faço para investir em letras de crédito imobiliário?,procedimentos
Quais os passos para investir em letras de crédito imobiliário?,procedimentos
Qual o procedimento para investir em um LCA?,procedimentos
Como faço para investir em um LCA?,procedimentos
Como transferir dinheiro para minha conta para começar a investir em LCA?,procedimentos
Como faço para investir em LCA?,procedimentos
Quais os passos para investir em LCA?,procedimentos
Qual o procedimento para investir em letras de crédito do agronegócio?,procedimentos
Como faço para investir em letras de crédito do agronegócio?,procedimentos
Como transferir dinheiro para minha conta para começar a investir em letras de crédito do agronegócio?,procedimentos
Como faço para investir em letras de crédito do agronegócio?,procedimentos
Quais os passos para investir em letras de crédito do agronegócio?,procedimentos
Qual o melhor tipo de investimento no momento?,indicacao_investimento
Qual tipo de investimento é melhor indicado atualmente?,indicacao_investimento
No que devo investir agora?,indicacao_investimento
Onde investir nos dias de hoje?,indicacao_investimento
Qual o investimento mais rentável atualmente?,indicacao_investimento